name,primary tag,additional tags,address,notes,ratings,commentary,image,gallery,gallery,gallery
bar-bq plaza,best thai food,,franchise; bangkok/pattaya/isaan/phuket/chiang mai,,,,,,,
suki teenoi,best thai food,"hotpot, all-you-can-eat, open late, seafood",franchise; bangkok/pattaya/isaan/chiang mai,,,,,,,
MK Restaurants,best thai food,"hotpot, seafood",franchise; bangkok/pattaya/isaan/phuket/chiang mai,,,,,,,
naaam 1608,best thai food,"views, thai food",,,N/A - Haven't been yet,,,,,
pranakorn grill,best thai food,"views, all-you-can-eat, thai food",,,N/A - Haven't been yet,,,,,
the oxygen beachfront oasis,best thai food,"views, seafood, thai food",,,,,,,,
kub kao kub pla,best thai food,"seafood, thai food",franchise; bangkok,,,,,,,
the coffee club,cafe,open late,,,N/A - Haven't been yet,,,,,
unbirthday cafe,cafe,unique experiences,,,N/A - Haven't been yet,,,,,
FUN Cafe,cafe,unique experiences,,,,,,,,
Brioche from heaven,cafe,,,,,,,,,
% Arabica Bangkok Empire Tower,cafe,views,,,N/A - Haven't been yet,,,,,
cataleya estate,cafe,views,,,N/A - Haven't been yet,,,,,
ripple coffee roasters,cafe,drinks,,,N/A - Haven't been yet,,,,,
mawa cafe,cafe,,,,,,,,,
little zoo cafe,cafe,unique experiences,,,N/A - Haven't been yet,,,,,
corgi in the garden,cafe,unique experiences,,,N/A - Haven't been yet,,,,,
asok pethouse cat cafe,cafe,unique experiences,,,,,,,,
nitan coffee's tale pattaya,cafe,seafood,,,,,,,,
day by kay's,cafe,"drinks, nature",,,N/A - Haven't been yet,,,,,
sugar sea,cafe,"nature, views",,,N/A - Haven't been yet,,,,,
B-STORY,other cuisine,,,,N/A - Haven't been yet,,,,,
doi soi 12,other cuisine,"breakfast, cafe, thai food",,,,,,,,
baiyoke balcony buffet,other cuisine,"views, all-you-can-eat, seafood, thai food",,,,,,,,
vantage point one,other cuisine,"all-you-can-eat, seafood, thai food",,,N/A - Haven't been yet,,,,,
espresso,other cuisine,"all-you-can-eat, seafood, thai food",,,N/A - Haven't been yet,,,,,
wisdom international buffet,other cuisine,"all-you-can-eat, seafood, thai food",,,N/A - Haven't been yet,,,,,
castello di bellagio,other cuisine,"unique experiences, views",,,N/A - Haven't been yet,,,,,
breakfast story,other cuisine,"breakfast, cafe",,,N/A - Haven't been yet,,,,,
the dining room,other cuisine,"all-you-can-eat, seafood, thai food, views",,,N/A - Haven't been yet,,,,,
MIXUE,dessert,drinks,franchise; bangkok/pattaya/isaan/phuket/chiang mai,,,,,,,
Swensen's,dessert,,franchise; bangkok/pattaya/isaan/phuket/chiang mai,,,,,,,
After You,dessert,cafe,franchise; bangkok/isaan/chiang mai,,,,,,,
,,,,,,,,,,
drinks,,,,,,,,,,
Nueng Nom Nua,drinks,dessert,,,N/A - Haven't been yet,,,,,
spire rooftop bar,drinks,views,,,N/A - Haven't been yet,,,,,
three sixty lounge,drinks,views,,,N/A - Haven't been yet,,,,,
sol & luna bkk,drinks,"views, thai food",,,N/A - Haven't been yet,,,,,
vertigo too sky bar,drinks,"views, thai food",,,N/A - Haven't been yet,,,,,
asiatique,unique experiences,,,,,,,,,
yunomori onsen,unique experiences,,franchise; bangkok/pattaya,,,,,,,
,,,,,,,,,,
AIS esports studio,unique experiences,,,,,,,,,
khao san road,unique experiences,,,,,,,,,
institute of marine science,unique experiences,,,,N/A - Haven't been yet,,,,,
7-eleven pattaya,unique experiences,,,,,,,,,
underwater world,unique experiences,,,,,,,,,
pattaya dinosaur kingdom,unique experiences,nature,,,N/A - Haven't been yet,,,,,
jurassic world: the experience,unique experiences,,,,N/A - Haven't been yet,,,,,
chao phraya river cruise,unique experiences,"thai food, views",,,,,,,,
asiatique sky,unique experiences,views,,,N/A - Haven't been yet,,,,,
mystery mansion,unique experiences,,,,,,,,,
toscana valley,unique experiences,"hotels, nature, shopping, cafe",,,N/A - Haven't been yet,,,,,
sanctuary of truth,cultural,unique experiences,,,N/A - Haven't been yet,,,,,
ganesha temple,cultural,,,,,,,,,
thao maha brahma shrine,cultural,,,,,,,,,
chinatown yaowarat,cultural,best thai food,,,,,,,,
Bang Nam Phueng floating market,cultural,unique experiences,,,,,,,,
museum of contemporary art,cultural,unique experiences,,,,,,,,
bangkok art and culture centere,cultural,unique experiences,,,,,,,,
pattaya floating market,cultural,unique experiences,,,,,,,,
wat phra yai,cultural,unique experiences,,,,,,,,
wat arun,cultural,unique experiences,,,,,,,,
wat benchamaophit,cultural,unique experiences,,,N/A - Haven't been yet,,,,,
the grand palace,cultural,unique experiences,,,N/A - Haven't been yet,,,,,
wat chai mongkhon,cultural,unique experiences,,,,,,,,
,,,,,,,,,,
nong nooch botanical garden,nature,views,,,N/A - Haven't been yet,,,,,
khao yai national park,nature,views,,,N/A - Haven't been yet,,,,,
,,,,,,,,,,
la na wild,hotels,"nature, views, unique experiences",,,N/A - Haven't been yet,,,,,
the cloud,hotels,"nature, views, unique experiences",,,N/A - Haven't been yet,,,,,
somerset sukhumvit thonglor,hotels,views,,,,,,,,
aspira suites sukhumvit 20,hotels,,,,,,,,,
aspira suites sukhumvit 33,hotels,,,,,,,,,
tasana bar and luxury resort,hotels,"nature, views, unique experiences",,,,,,,,
king power mahanakhon,views,,,,,,,,,
baiyoke observation deck,views,,,,,,,,,
phra tamnak mountain viewpoint,views,"cultural, nature",,,,,,,,
grand hyatt erawan bangkok,views,,,,,,,,,
wong amat beach,views,nature,,,,,,,,
ta yai beach,views,nature,,,,,,,,
pratunam night market,night market,thai food,,,,,,,,
jodd fairs ratchada,night market,thai food,,,,,,,,
huai Khwang Night market,night market,thai food,,,,,,,,
sooksiam,night market,thai food,,,,,,,,
central world square,night market,thai food,,,,,,,,
true digital park,shopping,,,,,,,,,
chaatuchak weekend market,shopping,,,,,,,,,
silom edge,shopping,,,,,,,,,
one bangkok,shopping,,,,,,,,,
emquartier,shopping,,,,,,,,,
emsphere,shopping,,,,,,,,,
pratunum market,shopping,,,,,,,,,
centralworld,shopping,,,,,,,,,
iconsiam,shopping,,,,,,,,,
siam paragon,shopping,,,,,,,,,
MBK center,shopping,,,,,,,,,
central embassy,shopping,,,,,,,,,
terminal 21,shopping,,,,,,,,,
gaysorn tower,shopping,,,,,,,,,
central pattaya,shopping,,,,,,,,,
terminal 21 pattaya,shopping,,,,,,,,,
miniso asiatique,shopping,,,,,,,,,
gaysorn village,shopping,views,,,,,,,,